label,a,b
sample A,0.8455627411865402,0.37980896213323656
