label,a,b
Absorbance,0.1317112984155109,65.13224787032476
