label,a,b
#1,0.010841410864016398,6.069762767904622
label,a,b
#2,0.05341454855437386,4.599370864092448
label,a,b
#3,0.176401093278495,3.71060743594865
label,a,b
#4,0.42506078766827954,2.7233507030650768
label,a,b
#5,0.6849151387764495,1.187068480775158
label,a,b
#6,0.8379982984076997,1.6238763433855041
