label,a,b
Ace,8.95238095238095,5.428571428571422
Jack,6.266666666666664,1.333333333333334
Roland,9.866666666666664,13.666666666666648
