label,a,b
,23.912751877981655,-0.5972795243231871
