label,a,b
,-1.6224611865354448,9.053278545040275
